-- phpMyAdmin SQL Dump
-- version 4.8.1
-- https://www.phpmyadmin.net/
--
-- Host: localhost
-- Generation Time: Jun 26, 2018 at 11:12 PM
-- Server version: 10.1.33-MariaDB
-- PHP Version: 7.1.18

SET SQL_MODE = "NO_AUTO_VALUE_ON_ZERO";
SET AUTOCOMMIT = 0;
START TRANSACTION;
SET time_zone = "+00:00";


/*!40101 SET @OLD_CHARACTER_SET_CLIENT=@@CHARACTER_SET_CLIENT */;
/*!40101 SET @OLD_CHARACTER_SET_RESULTS=@@CHARACTER_SET_RESULTS */;
/*!40101 SET @OLD_COLLATION_CONNECTION=@@COLLATION_CONNECTION */;
/*!40101 SET NAMES utf8mb4 */;

--
-- Database: `nanny_shack`
--

-- --------------------------------------------------------

--
-- Table structure for table `admin`
--

CREATE TABLE `admin` (
  `admin_id` int(10) NOT NULL,
  `admin_name` varchar(45) NOT NULL,
  `admin_pass` varchar(45) NOT NULL
) ENGINE=InnoDB DEFAULT CHARSET=latin1;

--
-- Dumping data for table `admin`
--

INSERT INTO `admin` (`admin_id`, `admin_name`, `admin_pass`) VALUES
(1, 'kaziash', '111222');

-- --------------------------------------------------------

--
-- Table structure for table `booking`
--

CREATE TABLE `booking` (
  `BookingID` int(10) NOT NULL,
  `Date` date NOT NULL,
  `Start` int(10) NOT NULL,
  `End` int(10) NOT NULL,
  `ParentName` varchar(45) NOT NULL,
  `Contact` varchar(45) NOT NULL,
  `ChildName` varchar(45) NOT NULL,
  `ChildAge` int(10) NOT NULL,
  `Special_Condition` longtext NOT NULL,
  `email` varchar(30) DEFAULT NULL
) ENGINE=InnoDB DEFAULT CHARSET=latin1;

--
-- Dumping data for table `booking`
--

INSERT INTO `booking` (`BookingID`, `Date`, `Start`, `End`, `ParentName`, `Contact`, `ChildName`, `ChildAge`, `Special_Condition`, `email`) VALUES
(7, '2018-07-01', 1, 8, 'dfc', '6765456655', 'asd', 8, 'allergy', NULL),
(8, '2018-07-01', 8, 14, 'dfc', '6745837388', 'asd', 5, 'allergy', 'ashfaqueshabab@gmail.com'),
(9, '2018-07-12', 14, 13, 'dfc', '1237277777', 'kid', 4, 'allergy', 'kazi.ashfaq@ucalgary.ca');

-- --------------------------------------------------------

--
-- Table structure for table `children`
--

CREATE TABLE `children` (
  `child-id` int(11) NOT NULL,
  `PID` int(11) NOT NULL,
  `ChildName` varchar(40) NOT NULL,
  `ChildAge` int(11) NOT NULL,
  `childcondition` varchar(30) DEFAULT NULL,
  `econtact` varchar(40) NOT NULL
) ENGINE=InnoDB DEFAULT CHARSET=latin1;

--
-- Dumping data for table `children`
--

INSERT INTO `children` (`child-id`, `PID`, `ChildName`, `ChildAge`, `childcondition`, `econtact`) VALUES
(1, 10, 'a', 2, '3', '4'),
(3, 15, 'kid', 7, 'no', '2147483647'),
(4, 14, 'hghj', 7, 'allergy', '7675435678'),
(5, 12, 'hfhgf', 7, 'allergy', '7654453344'),
(6, 1, 'daleh ali', 6, 'allergy', '4543778883');

-- --------------------------------------------------------

--
-- Table structure for table `CHILD_SCHEDULE`
--

CREATE TABLE `CHILD_SCHEDULE` (
  `Date` date NOT NULL,
  `start_time` int(11) NOT NULL,
  `end_time` int(11) NOT NULL,
  `child_ID` int(11) NOT NULL
) ENGINE=InnoDB DEFAULT CHARSET=latin1;

--
-- Dumping data for table `CHILD_SCHEDULE`
--

INSERT INTO `CHILD_SCHEDULE` (`Date`, `start_time`, `end_time`, `child_ID`) VALUES
('2018-07-01', 10, 16, 5),
('2018-07-02', 10, 16, 5),
('2018-07-03', 10, 16, 5),
('2018-07-04', 10, 16, 5),
('2018-07-05', 10, 16, 5),
('2018-07-06', 10, 16, 5),
('2018-07-07', 10, 16, 5),
('2018-07-08', 10, 16, 5),
('2018-07-09', 10, 16, 5),
('2018-07-10', 10, 16, 5),
('2018-07-11', 10, 16, 5),
('2018-07-12', 10, 16, 5),
('2018-07-13', 10, 16, 5),
('2018-07-14', 10, 16, 5),
('2018-07-01', 10, 16, 1),
('2018-07-02', 10, 16, 1),
('2018-07-03', 10, 16, 1),
('2018-07-04', 10, 16, 1),
('2018-07-05', 10, 16, 1),
('2018-07-06', 10, 16, 1),
('2018-07-07', 10, 16, 1),
('2018-07-08', 10, 16, 1),
('2018-07-09', 10, 16, 1),
('2018-07-10', 10, 16, 1),
('2018-07-11', 10, 16, 1),
('2018-07-12', 10, 16, 1),
('2018-07-13', 10, 16, 1),
('2018-07-14', 10, 16, 1);

-- --------------------------------------------------------

--
-- Table structure for table `current_schedule`
--

CREATE TABLE `current_schedule` (
  `Date` date NOT NULL,
  `Hour` int(11) NOT NULL,
  `Availability` int(11) NOT NULL
) ENGINE=InnoDB DEFAULT CHARSET=latin1;

--
-- Dumping data for table `current_schedule`
--

INSERT INTO `current_schedule` (`Date`, `Hour`, `Availability`) VALUES
('2018-07-01', 1, 240),
('2018-07-01', 2, 360),
('2018-07-01', 3, 232),
('2018-07-01', 4, 232),
('2018-07-01', 5, 232),
('2018-07-01', 6, 328),
('2018-07-01', 7, 352),
('2018-07-01', 8, 352),
('2018-07-01', 9, 352),
('2018-07-01', 10, 352),
('2018-07-01', 11, 352),
('2018-07-01', 12, 352),
('2018-07-01', 13, 360),
('2018-07-01', 14, 360),
('2018-07-01', 15, 360),
('2018-07-01', 16, 360),
('2018-07-01', 17, 360),
('2018-07-01', 18, 360),
('2018-07-01', 19, 360),
('2018-07-01', 20, 360),
('2018-07-01', 21, 360),
('2018-07-01', 22, 360),
('2018-07-01', 23, 360),
('2018-07-01', 24, 360),
('2018-07-02', 1, 360),
('2018-07-02', 2, 360),
('2018-07-02', 3, 360),
('2018-07-02', 4, 360),
('2018-07-02', 5, 360),
('2018-07-02', 6, 360),
('2018-07-02', 7, 360),
('2018-07-02', 8, 360),
('2018-07-02', 9, 360),
('2018-07-02', 10, 360),
('2018-07-02', 11, 360),
('2018-07-02', 12, 360),
('2018-07-02', 13, 360),
('2018-07-02', 14, 360),
('2018-07-02', 15, 360),
('2018-07-02', 16, 360),
('2018-07-02', 17, 360),
('2018-07-02', 18, 360),
('2018-07-02', 19, 360),
('2018-07-02', 20, 360),
('2018-07-02', 21, 360),
('2018-07-02', 22, 360),
('2018-07-02', 23, 360),
('2018-07-02', 24, 360),
('2018-07-03', 1, 360),
('2018-07-03', 2, 360),
('2018-07-03', 3, 360),
('2018-07-03', 4, 360),
('2018-07-03', 5, 360),
('2018-07-03', 6, 360),
('2018-07-03', 7, 360),
('2018-07-03', 8, 360),
('2018-07-03', 9, 360),
('2018-07-03', 10, 360),
('2018-07-03', 11, 360),
('2018-07-03', 12, 360),
('2018-07-03', 13, 360),
('2018-07-03', 14, 360),
('2018-07-03', 15, 360),
('2018-07-03', 16, 360),
('2018-07-03', 17, 360),
('2018-07-03', 18, 360),
('2018-07-03', 19, 360),
('2018-07-03', 20, 360),
('2018-07-03', 21, 360),
('2018-07-03', 22, 360),
('2018-07-03', 23, 360),
('2018-07-03', 24, 360),
('2018-07-04', 1, 360),
('2018-07-04', 2, 360),
('2018-07-04', 3, 360),
('2018-07-04', 4, 360),
('2018-07-04', 5, 360),
('2018-07-04', 6, 360),
('2018-07-04', 7, 360),
('2018-07-04', 8, 360),
('2018-07-04', 9, 360),
('2018-07-04', 10, 360),
('2018-07-04', 11, 360),
('2018-07-04', 12, 360),
('2018-07-04', 13, 360),
('2018-07-04', 14, 360),
('2018-07-04', 15, 360),
('2018-07-04', 16, 360),
('2018-07-04', 17, 360),
('2018-07-04', 18, 360),
('2018-07-04', 19, 360),
('2018-07-04', 20, 360),
('2018-07-04', 21, 360),
('2018-07-04', 22, 360),
('2018-07-04', 23, 360),
('2018-07-04', 24, 360),
('2018-07-05', 1, 360),
('2018-07-05', 2, 360),
('2018-07-05', 3, 360),
('2018-07-05', 4, 360),
('2018-07-05', 5, 360),
('2018-07-05', 6, 360),
('2018-07-05', 7, 360),
('2018-07-05', 8, 360),
('2018-07-05', 9, 360),
('2018-07-05', 10, 360),
('2018-07-05', 11, 360),
('2018-07-05', 12, 360),
('2018-07-05', 13, 360),
('2018-07-05', 14, 360),
('2018-07-05', 15, 360),
('2018-07-05', 16, 360),
('2018-07-05', 17, 360),
('2018-07-05', 18, 360),
('2018-07-05', 19, 360),
('2018-07-05', 20, 360),
('2018-07-05', 21, 360),
('2018-07-05', 22, 360),
('2018-07-05', 23, 360),
('2018-07-05', 24, 360),
('2018-07-06', 1, 360),
('2018-07-06', 2, 360),
('2018-07-06', 3, 360),
('2018-07-06', 4, 360),
('2018-07-06', 5, 360),
('2018-07-06', 6, 360),
('2018-07-06', 7, 360),
('2018-07-06', 8, 360),
('2018-07-06', 9, 360),
('2018-07-06', 10, 360),
('2018-07-06', 11, 360),
('2018-07-06', 12, 360),
('2018-07-06', 13, 360),
('2018-07-06', 14, 360),
('2018-07-06', 15, 360),
('2018-07-06', 16, 360),
('2018-07-06', 17, 360),
('2018-07-06', 18, 360),
('2018-07-06', 19, 360),
('2018-07-06', 20, 360),
('2018-07-06', 21, 360),
('2018-07-06', 22, 360),
('2018-07-06', 23, 360),
('2018-07-06', 24, 360),
('2018-07-07', 1, 360),
('2018-07-07', 2, 360),
('2018-07-07', 3, 360),
('2018-07-07', 4, 360),
('2018-07-07', 5, 360),
('2018-07-07', 6, 360),
('2018-07-07', 7, 360),
('2018-07-07', 8, 360),
('2018-07-07', 9, 360),
('2018-07-07', 10, 360),
('2018-07-07', 11, 360),
('2018-07-07', 12, 360),
('2018-07-07', 13, 360),
('2018-07-07', 14, 360),
('2018-07-07', 15, 360),
('2018-07-07', 16, 360),
('2018-07-07', 17, 360),
('2018-07-07', 18, 360),
('2018-07-07', 19, 360),
('2018-07-07', 20, 360),
('2018-07-07', 21, 360),
('2018-07-07', 22, 360),
('2018-07-07', 23, 360),
('2018-07-07', 24, 360),
('2018-07-08', 1, 360),
('2018-07-08', 2, 360),
('2018-07-08', 3, 360),
('2018-07-08', 4, 360),
('2018-07-08', 5, 360),
('2018-07-08', 6, 360),
('2018-07-08', 7, 360),
('2018-07-08', 8, 360),
('2018-07-08', 9, 360),
('2018-07-08', 10, 360),
('2018-07-08', 11, 360),
('2018-07-08', 12, 360),
('2018-07-08', 13, 360),
('2018-07-08', 14, 360),
('2018-07-08', 15, 360),
('2018-07-08', 16, 360),
('2018-07-08', 17, 360),
('2018-07-08', 18, 360),
('2018-07-08', 19, 360),
('2018-07-08', 20, 360),
('2018-07-08', 21, 360),
('2018-07-08', 22, 360),
('2018-07-08', 23, 360),
('2018-07-08', 24, 360),
('2018-07-09', 1, 360),
('2018-07-09', 2, 360),
('2018-07-09', 3, 360),
('2018-07-09', 4, 360),
('2018-07-09', 5, 360),
('2018-07-09', 6, 360),
('2018-07-09', 7, 360),
('2018-07-09', 8, 360),
('2018-07-09', 9, 360),
('2018-07-09', 10, 360),
('2018-07-09', 11, 360),
('2018-07-09', 12, 360),
('2018-07-09', 13, 360),
('2018-07-09', 14, 360),
('2018-07-09', 15, 360),
('2018-07-09', 16, 360),
('2018-07-09', 17, 360),
('2018-07-09', 18, 360),
('2018-07-09', 19, 360),
('2018-07-09', 20, 360),
('2018-07-09', 21, 360),
('2018-07-09', 22, 360),
('2018-07-09', 23, 360),
('2018-07-09', 24, 360),
('2018-07-10', 1, 360),
('2018-07-10', 2, 360),
('2018-07-10', 3, 360),
('2018-07-10', 4, 360),
('2018-07-10', 5, 360),
('2018-07-10', 6, 360),
('2018-07-10', 7, 360),
('2018-07-10', 8, 360),
('2018-07-10', 9, 360),
('2018-07-10', 10, 360),
('2018-07-10', 11, 360),
('2018-07-10', 12, 360),
('2018-07-10', 13, 360),
('2018-07-10', 14, 360),
('2018-07-10', 15, 360),
('2018-07-10', 16, 360),
('2018-07-10', 17, 360),
('2018-07-10', 18, 360),
('2018-07-10', 19, 360),
('2018-07-10', 20, 360),
('2018-07-10', 21, 360),
('2018-07-10', 22, 360),
('2018-07-10', 23, 360),
('2018-07-10', 24, 360),
('2018-07-11', 1, 360),
('2018-07-11', 2, 360),
('2018-07-11', 3, 360),
('2018-07-11', 4, 360),
('2018-07-11', 5, 360),
('2018-07-11', 6, 360),
('2018-07-11', 7, 360),
('2018-07-11', 8, 360),
('2018-07-11', 9, 360),
('2018-07-11', 10, 360),
('2018-07-11', 11, 360),
('2018-07-11', 12, 360),
('2018-07-11', 13, 360),
('2018-07-11', 14, 360),
('2018-07-11', 15, 360),
('2018-07-11', 16, 360),
('2018-07-11', 17, 360),
('2018-07-11', 18, 360),
('2018-07-11', 19, 360),
('2018-07-11', 20, 360),
('2018-07-11', 21, 360),
('2018-07-11', 22, 360),
('2018-07-11', 23, 360),
('2018-07-11', 24, 360),
('2018-07-12', 1, 360),
('2018-07-12', 2, 360),
('2018-07-12', 3, 360),
('2018-07-12', 4, 360),
('2018-07-12', 5, 360),
('2018-07-12', 6, 360),
('2018-07-12', 7, 360),
('2018-07-12', 8, 360),
('2018-07-12', 9, 360),
('2018-07-12', 10, 360),
('2018-07-12', 11, 312),
('2018-07-12', 12, 312),
('2018-07-12', 13, 312),
('2018-07-12', 14, 360),
('2018-07-12', 15, 360),
('2018-07-12', 16, 360),
('2018-07-12', 17, 360),
('2018-07-12', 18, 360),
('2018-07-12', 19, 360),
('2018-07-12', 20, 360),
('2018-07-12', 21, 360),
('2018-07-12', 22, 360),
('2018-07-12', 23, 360),
('2018-07-12', 24, 360),
('2018-07-13', 1, 360),
('2018-07-13', 2, 360),
('2018-07-13', 3, 360),
('2018-07-13', 4, 360),
('2018-07-13', 5, 360),
('2018-07-13', 6, 360),
('2018-07-13', 7, 360),
('2018-07-13', 8, 360),
('2018-07-13', 9, 360),
('2018-07-13', 10, 360),
('2018-07-13', 11, 360),
('2018-07-13', 12, 360),
('2018-07-13', 13, 360),
('2018-07-13', 14, 360),
('2018-07-13', 15, 360),
('2018-07-13', 16, 360),
('2018-07-13', 17, 360),
('2018-07-13', 18, 360),
('2018-07-13', 19, 360),
('2018-07-13', 20, 360),
('2018-07-13', 21, 360),
('2018-07-13', 22, 360),
('2018-07-13', 23, 360),
('2018-07-13', 24, 360),
('2018-07-14', 1, 360),
('2018-07-14', 2, 360),
('2018-07-14', 3, 360),
('2018-07-14', 4, 360),
('2018-07-14', 5, 360),
('2018-07-14', 6, 360),
('2018-07-14', 7, 360),
('2018-07-14', 8, 360),
('2018-07-14', 9, 360),
('2018-07-14', 10, 360),
('2018-07-14', 11, 360),
('2018-07-14', 12, 360),
('2018-07-14', 13, 360),
('2018-07-14', 14, 360),
('2018-07-14', 15, 360),
('2018-07-14', 16, 360),
('2018-07-14', 17, 360),
('2018-07-14', 18, 360),
('2018-07-14', 19, 360),
('2018-07-14', 20, 360),
('2018-07-14', 21, 360),
('2018-07-14', 22, 360),
('2018-07-14', 23, 360),
('2018-07-14', 24, 360);

-- --------------------------------------------------------

--
-- Table structure for table `nannies`
--

CREATE TABLE `nannies` (
  `nanny_id` int(10) UNSIGNED NOT NULL,
  `username` varchar(45) NOT NULL,
  `password` varchar(40) NOT NULL,
  `phone` varchar(40) NOT NULL
) ENGINE=InnoDB DEFAULT CHARSET=latin1;

--
-- Dumping data for table `nannies`
--

INSERT INTO `nannies` (`nanny_id`, `username`, `password`, `phone`) VALUES
(1, 'Sue', '1234', '1119992222'),
(2, 'Fatima', '123', '123456789');

-- --------------------------------------------------------

--
-- Table structure for table `nanny_schedule`
--

CREATE TABLE `nanny_schedule` (
  `nanny_id` int(11) NOT NULL,
  `Date` date NOT NULL,
  `start` int(11) NOT NULL,
  `end` int(11) NOT NULL
) ENGINE=InnoDB DEFAULT CHARSET=latin1;

--
-- Dumping data for table `nanny_schedule`
--

INSERT INTO `nanny_schedule` (`nanny_id`, `Date`, `start`, `end`) VALUES
(1, '2018-07-01', 5, 13),
(1, '2018-07-02', 5, 13),
(1, '2018-07-03', 5, 13),
(1, '2018-07-04', 5, 13),
(1, '2018-07-05', 5, 13),
(1, '2018-07-06', 5, 13),
(1, '2018-07-07', 5, 13),
(1, '2018-07-08', 5, 13),
(1, '2018-07-09', 5, 13),
(1, '2018-07-10', 5, 13),
(1, '2018-07-11', 5, 13),
(1, '2018-07-12', 5, 13),
(1, '2018-07-13', 5, 13),
(1, '2018-07-14', 5, 13),
(2, '2018-07-01', 12, 20),
(2, '2018-07-02', 12, 20),
(2, '2018-07-03', 12, 20),
(2, '2018-07-04', 12, 20),
(2, '2018-07-05', 12, 20),
(2, '2018-07-06', 12, 20),
(2, '2018-07-07', 12, 20),
(2, '2018-07-08', 12, 20),
(2, '2018-07-09', 12, 20),
(2, '2018-07-10', 12, 20),
(2, '2018-07-11', 12, 20),
(2, '2018-07-12', 12, 20),
(2, '2018-07-13', 12, 20),
(2, '2018-07-14', 12, 20);

-- --------------------------------------------------------

--
-- Table structure for table `username`
--

CREATE TABLE `username` (
  `ID` int(9) NOT NULL,
  `userName` varchar(40) NOT NULL,
  `password` varchar(40) NOT NULL,
  `contact` varchar(40) NOT NULL
) ENGINE=InnoDB DEFAULT CHARSET=latin1;

--
-- Dumping data for table `username`
--

INSERT INTO `username` (`ID`, `userName`, `password`, `contact`) VALUES
(1, 'kazi', '123', '1112223333'),
(8, 'ashfaq', '333', '3456667575'),
(10, 'zach', '345', '5546546666'),
(11, 'ashfaq', '333', '5556667777'),
(12, 'hasan', '454', '5449990000'),
(13, 'ddd', '444', '6788567575'),
(14, 'acd', '3334', '1234344444'),
(15, 'yanzhao', '565', '5647678888'),
(16, 'asdfdsf', '3332', '2344344444'),
(22, 'accc', '234', '2345647777'),
(23, 'zak', '2345', '2345443333');

--
-- Indexes for dumped tables
--

--
-- Indexes for table `admin`
--
ALTER TABLE `admin`
  ADD PRIMARY KEY (`admin_id`),
  ADD UNIQUE KEY `admin_pass` (`admin_pass`);

--
-- Indexes for table `booking`
--
ALTER TABLE `booking`
  ADD PRIMARY KEY (`BookingID`);

--
-- Indexes for table `children`
--
ALTER TABLE `children`
  ADD PRIMARY KEY (`child-id`),
  ADD KEY `PID` (`PID`);

--
-- Indexes for table `current_schedule`
--
ALTER TABLE `current_schedule`
  ADD PRIMARY KEY (`Date`,`Hour`);

--
-- Indexes for table `nannies`
--
ALTER TABLE `nannies`
  ADD PRIMARY KEY (`nanny_id`),
  ADD UNIQUE KEY `password` (`password`);

--
-- Indexes for table `username`
--
ALTER TABLE `username`
  ADD PRIMARY KEY (`ID`);

--
-- AUTO_INCREMENT for dumped tables
--

--
-- AUTO_INCREMENT for table `admin`
--
ALTER TABLE `admin`
  MODIFY `admin_id` int(10) NOT NULL AUTO_INCREMENT, AUTO_INCREMENT=2;

--
-- AUTO_INCREMENT for table `booking`
--
ALTER TABLE `booking`
  MODIFY `BookingID` int(10) NOT NULL AUTO_INCREMENT, AUTO_INCREMENT=10;

--
-- AUTO_INCREMENT for table `children`
--
ALTER TABLE `children`
  MODIFY `child-id` int(11) NOT NULL AUTO_INCREMENT, AUTO_INCREMENT=8;

--
-- AUTO_INCREMENT for table `nannies`
--
ALTER TABLE `nannies`
  MODIFY `nanny_id` int(10) UNSIGNED NOT NULL AUTO_INCREMENT, AUTO_INCREMENT=3;

--
-- AUTO_INCREMENT for table `username`
--
ALTER TABLE `username`
  MODIFY `ID` int(9) NOT NULL AUTO_INCREMENT, AUTO_INCREMENT=24;

--
-- Constraints for dumped tables
--

--
-- Constraints for table `children`
--
ALTER TABLE `children`
  ADD CONSTRAINT `PID` FOREIGN KEY (`PID`) REFERENCES `username` (`ID`);
COMMIT;

/*!40101 SET CHARACTER_SET_CLIENT=@OLD_CHARACTER_SET_CLIENT */;
/*!40101 SET CHARACTER_SET_RESULTS=@OLD_CHARACTER_SET_RESULTS */;
/*!40101 SET COLLATION_CONNECTION=@OLD_COLLATION_CONNECTION */;
